-- MySQL dump 10.13  Distrib 5.5.41, for debian-linux-gnu (x86_64)
--
-- Host: localhost    Database: waf_db
-- ------------------------------------------------------
-- Server version	5.5.41-0ubuntu0.14.04.1

/*!40101 SET @OLD_CHARACTER_SET_CLIENT=@@CHARACTER_SET_CLIENT */;
/*!40101 SET @OLD_CHARACTER_SET_RESULTS=@@CHARACTER_SET_RESULTS */;
/*!40101 SET @OLD_COLLATION_CONNECTION=@@COLLATION_CONNECTION */;
/*!40101 SET NAMES utf8 */;
/*!40103 SET @OLD_TIME_ZONE=@@TIME_ZONE */;
/*!40103 SET TIME_ZONE='+00:00' */;
/*!40014 SET @OLD_UNIQUE_CHECKS=@@UNIQUE_CHECKS, UNIQUE_CHECKS=0 */;
/*!40014 SET @OLD_FOREIGN_KEY_CHECKS=@@FOREIGN_KEY_CHECKS, FOREIGN_KEY_CHECKS=0 */;
/*!40101 SET @OLD_SQL_MODE=@@SQL_MODE, SQL_MODE='NO_AUTO_VALUE_ON_ZERO' */;
/*!40111 SET @OLD_SQL_NOTES=@@SQL_NOTES, SQL_NOTES=0 */;

--
-- Table structure for table `Pages`
--

DROP TABLE IF EXISTS `Pages`;
/*!40101 SET @saved_cs_client     = @@character_set_client */;
/*!40101 SET character_set_client = utf8 */;
CREATE TABLE `Pages` (
  `URI` varchar(255) NOT NULL,
  `Max_Parameter_Num` int(11) DEFAULT NULL,
  PRIMARY KEY (`URI`)
) ENGINE=InnoDB DEFAULT CHARSET=latin1;
/*!40101 SET character_set_client = @saved_cs_client */;

--
-- Dumping data for table `Pages`
--

LOCK TABLES `Pages` WRITE;
/*!40000 ALTER TABLE `Pages` DISABLE KEYS */;
INSERT INTO `Pages` VALUES ('*',0),('/blog/css/agency.css',0),('/blog/css/blog-home.css',0),('/blog/css/blog-post.css',0),('/blog/css/bootstrap-blog.min.css',0),('/blog/css/bootstrap-signin.min.css',0),('/blog/css/bootstrap.min.css',0),('/blog/css/font-awesome.min.css',0),('/blog/font-awesome/css/font-awesome.min.css',0),('/blog/font-awesome/fonts/fontawesome-webfont.woff',1),('/blog/fonts/glyphicons-halflings-regular.woff2',0),('/blog/img/about/1.jpg',0),('/blog/img/about/2.jpg',0),('/blog/img/about/3.jpg',0),('/blog/img/about/4.jpg',0),('/blog/img/header-bg.jpg',0),('/blog/index.php',0),('/blog/js/agency.js',0),('/blog/js/bootstrap-blog.min.js',0),('/blog/js/bootstrap-signin.min.js',0),('/blog/js/bootstrap.min.js',0),('/blog/js/cbpAnimatedHeader.js',0),('/blog/js/classie.js',0),('/blog/js/contact_me.js',0),('/blog/js/jqBootstrapValidation.js',0),('/blog/js/jquery-1.10.2.min.js',0),('/blog/js/jquery-blog.js',0),('/blog/js/jquery.js',0),('/blog/public/create_blog.php',3),('/blog/public/create_user.php',7),('/blog/public/delete_blog.php',2),('/blog/public/delete_comment.php',3),('/blog/public/delete_user.php',1),('/blog/public/edit_blog.php',3),('/blog/public/edit_user.php',7),('/blog/public/manage_content.php',0),('/blog/public/show_user.php',1),('/blog/public/user_create_blog.php',3),('/blog/public/user_delete_blog.php',2),('/blog/public/user_edit_blog.php',3),('/blog/public/user_main.php',1),('/blog/public/user_signin.php',3),('/blog/public/user_signout.php',0),('/blog/public/user_signup.php',7),('/blog/public/user_view_blog.php',2),('/blog/public/view_blog.php',2),('/changeMode.html',0),('/modeChange',4);
/*!40000 ALTER TABLE `Pages` ENABLE KEYS */;
UNLOCK TABLES;

--
-- Table structure for table `Parameters`
--

DROP TABLE IF EXISTS `Parameters`;
/*!40101 SET @saved_cs_client     = @@character_set_client */;
/*!40101 SET character_set_client = utf8 */;
CREATE TABLE `Parameters` (
  `URI` varchar(255) NOT NULL,
  `Parameter` varchar(255) NOT NULL,
  `Avg` double DEFAULT NULL,
  `SD` double DEFAULT NULL,
  `Count` int(11) DEFAULT NULL,
  `Character_Set` varchar(255) DEFAULT NULL,
  PRIMARY KEY (`URI`,`Parameter`)
) ENGINE=InnoDB DEFAULT CHARSET=latin1;
/*!40101 SET character_set_client = @saved_cs_client */;

--
-- Dumping data for table `Parameters`
--

LOCK TABLES `Parameters` WRITE;
/*!40000 ALTER TABLE `Parameters` DISABLE KEYS */;
INSERT INTO `Parameters` VALUES ('/blog/font-awesome/fonts/fontawesome-webfont.woff','v',5,0,1,'4.2.0'),('/blog/public/create_blog.php','content',19,0,1,'abcdefghijklmnopqrstuvwxyzABCDEFGHIJKLMNOPQRSTUVWXYZ1234567890 +'),('/blog/public/create_blog.php','submit',6,0,1,'Submit'),('/blog/public/create_blog.php','title',8,0,1,'1234567890'),('/blog/public/create_blog.php','user_id',2,0,1,'1234567890'),('/blog/public/create_user.php','annual_salary',5,0,1,'1234567890.$'),('/blog/public/create_user.php','gender',4,0,1,'Male'),('/blog/public/create_user.php','major',8,0,1,'abcdefghijklmnopqrstuvwxyzABCDEFGHIJKLMNOPQRSTUVWXYZ +'),('/blog/public/create_user.php','password',8,0,1,'abcdefghijklmnopqrstuvwxyzABCDEFGHIJKLMNOPQRSTUVWXYZ1234567890 +'),('/blog/public/create_user.php','remark',9,0,1,'abcdefghijklmnopqrstuvwxyzABCDEFGHIJKLMNOPQRSTUVWXYZ1234567890 +'),('/blog/public/create_user.php','submit',6,0,1,'Submit'),('/blog/public/create_user.php','username',6,0,1,'abcdefghijklmnopqrstuvwxyzABCDEFGHIJKLMNOPQRSTUVWXYZ1234567890 +'),('/blog/public/delete_blog.php','blog_id',2,0,1,'1234567890'),('/blog/public/delete_blog.php','de',1,0,1,'1234567890'),('/blog/public/delete_blog.php','user_id',2.5,0.5,2,'1234567890'),('/blog/public/delete_comment.php','blog_id',2,0,1,'1234567890'),('/blog/public/delete_comment.php','de',1,0,1,'1234567890'),('/blog/public/delete_comment.php','user_id',2,0,1,'1234567890'),('/blog/public/delete_user.php','id',2,0,2,'1234567890'),('/blog/public/edit_blog.php','blog_id',2,0,1,'1234567890'),('/blog/public/edit_blog.php','content',21,0,1,'abcdefghijklmnopqrstuvwxyzABCDEFGHIJKLMNOPQRSTUVWXYZ1234567890 +'),('/blog/public/edit_blog.php','submit',6,0,1,'Submit'),('/blog/public/edit_blog.php','title',8,0,1,'1234567890'),('/blog/public/edit_blog.php','user_id',2,0,1,'1234567890'),('/blog/public/edit_user.php','annual_salary',6,0,2,'1234567890.$'),('/blog/public/edit_user.php','gender',5,1,2,'FemaleM'),('/blog/public/edit_user.php','id',2,0,7,'1234567890'),('/blog/public/edit_user.php','major',2,0,2,'abcdefghijklmnopqrstuvwxyzABCDEFGHIJKLMNOPQRSTUVWXYZ +'),('/blog/public/edit_user.php','password',9.5,1.5,2,'abcdefghijklmnopqrstuvwxyzABCDEFGHIJKLMNOPQRSTUVWXYZ1234567890 +'),('/blog/public/edit_user.php','remark',23.5,13.5,2,'abcdefghijklmnopqrstuvwxyzABCDEFGHIJKLMNOPQRSTUVWXYZ1234567890 +'),('/blog/public/edit_user.php','submit',9,0,2,'Edit+User'),('/blog/public/edit_user.php','username',7.5,0.5,2,'abcdefghijklmnopqrstuvwxyzABCDEFGHIJKLMNOPQRSTUVWXYZ1234567890 +'),('/blog/public/show_user.php','id',1.625,0.695971,8,'1234567890'),('/blog/public/user_create_blog.php','content',15,0,1,'abcdefghijklmnopqrstuvwxyzABCDEFGHIJKLMNOPQRSTUVWXYZ1234567890 +'),('/blog/public/user_create_blog.php','id',2,0,1,'1234567890'),('/blog/public/user_create_blog.php','submit',6,0,1,'Submit'),('/blog/public/user_create_blog.php','title',7,0,1,'1234567890'),('/blog/public/user_delete_blog.php','blog_id',2,0,1,'1234567890'),('/blog/public/user_delete_blog.php','user_id',2,0,1,'1234567890'),('/blog/public/user_edit_blog.php','blog_id',2,0,1,'1234567890'),('/blog/public/user_edit_blog.php','content',18,0,1,'abcdefghijklmnopqrstuvwxyzABCDEFGHIJKLMNOPQRSTUVWXYZ1234567890 +'),('/blog/public/user_edit_blog.php','submit',6,0,1,'Submit'),('/blog/public/user_edit_blog.php','title',7,0,1,'1234567890'),('/blog/public/user_edit_blog.php','user_id',2,0,1,'1234567890'),('/blog/public/user_main.php','id',2,0,4,'1234567890'),('/blog/public/user_main.php','user_id',1.857143,0.349927,7,'1234567890'),('/blog/public/user_signin.php','password',3.714286,1.749636,7,'abcdefghijklmnopqrstuvwxyzABCDEFGHIJKLMNOPQRSTUVWXYZ1234567890 +'),('/blog/public/user_signin.php','submit',7,0,7,'Sign+In'),('/blog/public/user_signin.php','username',6.428571,1.59079,7,'abcdefghijklmnopqrstuvwxyzABCDEFGHIJKLMNOPQRSTUVWXYZ1234567890 +'),('/blog/public/user_signup.php','annual_salary',6.465347,2.007729,101,'1234567890.$'),('/blog/public/user_signup.php','gender',4.019802,0.19802,101,'MaleFm'),('/blog/public/user_signup.php','major',9.544554,3.425371,101,'abcdefghijklmnopqrstuvwxyzABCDEFGHIJKLMNOPQRSTUVWXYZ +'),('/blog/public/user_signup.php','password',7.613861,1.939533,101,'abcdefghijklmnopqrstuvwxyzABCDEFGHIJKLMNOPQRSTUVWXYZ1234567890 +'),('/blog/public/user_signup.php','remark',20.227723,5.525604,101,'abcdefghijklmnopqrstuvwxyzABCDEFGHIJKLMNOPQRSTUVWXYZ1234567890 +'),('/blog/public/user_signup.php','submit',7,0,101,'Sign+Up '),('/blog/public/user_signup.php','username',7.653465,2.776976,101,'abcdefghijklmnopqrstuvwxyzABCDEFGHIJKLMNOPQRSTUVWXYZ1234567890 +'),('/blog/public/user_view_blog.php','blog_id',2,0,6,'1234567890'),('/blog/public/user_view_blog.php','user_id',2,0,6,'1234567890'),('/blog/public/view_blog.php','blog_id',2,0,3,'1234567890'),('/blog/public/view_blog.php','user_id',2,0,3,'1234567890'),('/modeChange','mode',5,0,5,'Train'),('/modeChange','password',3,0,5,'abcdefghijklmnopqrstuvwxyzABCDEFGHIJKLMNOPQRSTUVWXYZ1234567890 +'),('/modeChange','submit',6,0,5,'Submit'),('/modeChange','username',5,0,5,'abcdefghijklmnopqrstuvwxyzABCDEFGHIJKLMNOPQRSTUVWXYZ1234567890 +');
/*!40000 ALTER TABLE `Parameters` ENABLE KEYS */;
UNLOCK TABLES;

--
-- Table structure for table `Records`
--

DROP TABLE IF EXISTS `Records`;
/*!40101 SET @saved_cs_client     = @@character_set_client */;
/*!40101 SET character_set_client = utf8 */;
CREATE TABLE `Records` (
  `ID` int(11) NOT NULL AUTO_INCREMENT,
  `URI` varchar(255) NOT NULL,
  `Parameter` varchar(255) NOT NULL,
  `Len` double DEFAULT NULL,
  PRIMARY KEY (`ID`)
) ENGINE=InnoDB AUTO_INCREMENT=844 DEFAULT CHARSET=latin1;
/*!40101 SET character_set_client = @saved_cs_client */;

--
-- Dumping data for table `Records`
--

LOCK TABLES `Records` WRITE;
/*!40000 ALTER TABLE `Records` DISABLE KEYS */;
INSERT INTO `Records` VALUES (1,'/modeChange','username',5),(2,'/modeChange','password',3),(3,'/modeChange','mode',5),(4,'/modeChange','submit',6),(5,'/modeChange','username',5),(6,'/modeChange','password',3),(7,'/modeChange','mode',5),(8,'/modeChange','submit',6),(9,'/blog/font-awesome/fonts/fontawesome-webfont.woff','v',5),(10,'/blog/public/user_signup.php','username',8),(11,'/blog/public/user_signup.php','password',8),(12,'/blog/public/user_signup.php','gender',6),(13,'/blog/public/user_signup.php','major',2),(14,'/blog/public/user_signup.php','annual_salary',6),(15,'/blog/public/user_signup.php','remark',37),(16,'/blog/public/user_signup.php','submit',7),(17,'/blog/public/user_signup.php','username',13),(18,'/blog/public/user_signup.php','password',7),(19,'/blog/public/user_signup.php','major',12),(20,'/blog/public/user_signup.php','annual_salary',5),(21,'/blog/public/user_signup.php','remark',18),(22,'/blog/public/user_signup.php','gender',4),(23,'/blog/public/user_signup.php','submit',7),(24,'/blog/public/user_signup.php','username',5),(25,'/blog/public/user_signup.php','password',10),(26,'/blog/public/user_signup.php','major',9),(27,'/blog/public/user_signup.php','annual_salary',5),(28,'/blog/public/user_signup.php','remark',12),(29,'/blog/public/user_signup.php','gender',4),(30,'/blog/public/user_signup.php','submit',7),(31,'/blog/public/user_signup.php','username',7),(32,'/blog/public/user_signup.php','password',10),(33,'/blog/public/user_signup.php','major',13),(34,'/blog/public/user_signup.php','annual_salary',9),(35,'/blog/public/user_signup.php','remark',21),(36,'/blog/public/user_signup.php','gender',4),(37,'/blog/public/user_signup.php','submit',7),(38,'/blog/public/user_signup.php','username',8),(39,'/blog/public/user_signup.php','password',7),(40,'/blog/public/user_signup.php','major',9),(41,'/blog/public/user_signup.php','annual_salary',5),(42,'/blog/public/user_signup.php','remark',20),(43,'/blog/public/user_signup.php','gender',4),(44,'/blog/public/user_signup.php','submit',7),(45,'/blog/public/user_signup.php','username',5),(46,'/blog/public/user_signup.php','password',5),(47,'/blog/public/user_signup.php','major',13),(48,'/blog/public/user_signup.php','annual_salary',8),(49,'/blog/public/user_signup.php','remark',16),(50,'/blog/public/user_signup.php','gender',4),(51,'/blog/public/user_signup.php','submit',7),(52,'/blog/public/user_signup.php','username',1),(53,'/blog/public/user_signup.php','password',7),(54,'/blog/public/user_signup.php','major',8),(55,'/blog/public/user_signup.php','annual_salary',7),(56,'/blog/public/user_signup.php','remark',24),(57,'/blog/public/user_signup.php','gender',4),(58,'/blog/public/user_signup.php','submit',7),(59,'/blog/public/user_signup.php','username',3),(60,'/blog/public/user_signup.php','password',8),(61,'/blog/public/user_signup.php','major',9),(62,'/blog/public/user_signup.php','annual_salary',4),(63,'/blog/public/user_signup.php','remark',8),(64,'/blog/public/user_signup.php','gender',4),(65,'/blog/public/user_signup.php','submit',7),(66,'/blog/public/user_signup.php','username',14),(67,'/blog/public/user_signup.php','password',6),(68,'/blog/public/user_signup.php','major',7),(69,'/blog/public/user_signup.php','annual_salary',8),(70,'/blog/public/user_signup.php','remark',11),(71,'/blog/public/user_signup.php','gender',4),(72,'/blog/public/user_signup.php','submit',7),(73,'/blog/public/user_signup.php','username',6),(74,'/blog/public/user_signup.php','password',5),(75,'/blog/public/user_signup.php','major',6),(76,'/blog/public/user_signup.php','annual_salary',3),(77,'/blog/public/user_signup.php','remark',25),(78,'/blog/public/user_signup.php','gender',4),(79,'/blog/public/user_signup.php','submit',7),(80,'/blog/public/user_signup.php','username',4),(81,'/blog/public/user_signup.php','password',9),(82,'/blog/public/user_signup.php','major',8),(83,'/blog/public/user_signup.php','annual_salary',5),(84,'/blog/public/user_signup.php','remark',25),(85,'/blog/public/user_signup.php','gender',4),(86,'/blog/public/user_signup.php','submit',7),(87,'/blog/public/user_signup.php','username',11),(88,'/blog/public/user_signup.php','password',7),(89,'/blog/public/user_signup.php','major',7),(90,'/blog/public/user_signup.php','annual_salary',9),(91,'/blog/public/user_signup.php','remark',24),(92,'/blog/public/user_signup.php','gender',4),(93,'/blog/public/user_signup.php','submit',7),(94,'/blog/public/user_signup.php','username',8),(95,'/blog/public/user_signup.php','password',6),(96,'/blog/public/user_signup.php','major',4),(97,'/blog/public/user_signup.php','annual_salary',5),(98,'/blog/public/user_signup.php','remark',21),(99,'/blog/public/user_signup.php','gender',4),(100,'/blog/public/user_signup.php','submit',7),(101,'/blog/public/user_signup.php','username',10),(102,'/blog/public/user_signup.php','password',9),(103,'/blog/public/user_signup.php','major',16),(104,'/blog/public/user_signup.php','annual_salary',7),(105,'/blog/public/user_signup.php','remark',24),(106,'/blog/public/user_signup.php','gender',4),(107,'/blog/public/user_signup.php','submit',7),(108,'/blog/public/user_signup.php','username',9),(109,'/blog/public/user_signup.php','password',7),(110,'/blog/public/user_signup.php','major',15),(111,'/blog/public/user_signup.php','annual_salary',10),(112,'/blog/public/user_signup.php','remark',21),(113,'/blog/public/user_signup.php','gender',4),(114,'/blog/public/user_signup.php','submit',7),(115,'/blog/public/user_signup.php','username',6),(116,'/blog/public/user_signup.php','password',6),(117,'/blog/public/user_signup.php','major',11),(118,'/blog/public/user_signup.php','annual_salary',7),(119,'/blog/public/user_signup.php','remark',23),(120,'/blog/public/user_signup.php','gender',4),(121,'/blog/public/user_signup.php','submit',7),(122,'/blog/public/user_signup.php','username',12),(123,'/blog/public/user_signup.php','password',9),(124,'/blog/public/user_signup.php','major',3),(125,'/blog/public/user_signup.php','annual_salary',2),(126,'/blog/public/user_signup.php','remark',22),(127,'/blog/public/user_signup.php','gender',4),(128,'/blog/public/user_signup.php','submit',7),(129,'/blog/public/user_signup.php','username',5),(130,'/blog/public/user_signup.php','password',11),(131,'/blog/public/user_signup.php','major',12),(132,'/blog/public/user_signup.php','annual_salary',8),(133,'/blog/public/user_signup.php','remark',14),(134,'/blog/public/user_signup.php','gender',4),(135,'/blog/public/user_signup.php','submit',7),(136,'/blog/public/user_signup.php','username',12),(137,'/blog/public/user_signup.php','password',7),(138,'/blog/public/user_signup.php','major',15),(139,'/blog/public/user_signup.php','annual_salary',6),(140,'/blog/public/user_signup.php','remark',15),(141,'/blog/public/user_signup.php','gender',4),(142,'/blog/public/user_signup.php','submit',7),(143,'/blog/public/user_signup.php','username',10),(144,'/blog/public/user_signup.php','password',8),(145,'/blog/public/user_signup.php','major',7),(146,'/blog/public/user_signup.php','annual_salary',6),(147,'/blog/public/user_signup.php','remark',25),(148,'/blog/public/user_signup.php','gender',4),(149,'/blog/public/user_signup.php','submit',7),(150,'/blog/public/user_signup.php','username',9),(151,'/blog/public/user_signup.php','password',7),(152,'/blog/public/user_signup.php','major',9),(153,'/blog/public/user_signup.php','annual_salary',9),(154,'/blog/public/user_signup.php','remark',23),(155,'/blog/public/user_signup.php','gender',4),(156,'/blog/public/user_signup.php','submit',7),(157,'/blog/public/user_signup.php','username',11),(158,'/blog/public/user_signup.php','password',10),(159,'/blog/public/user_signup.php','major',7),(160,'/blog/public/user_signup.php','annual_salary',8),(161,'/blog/public/user_signup.php','remark',13),(162,'/blog/public/user_signup.php','gender',4),(163,'/blog/public/user_signup.php','submit',7),(164,'/blog/public/user_signup.php','username',7),(165,'/blog/public/user_signup.php','password',7),(166,'/blog/public/user_signup.php','major',6),(167,'/blog/public/user_signup.php','annual_salary',7),(168,'/blog/public/user_signup.php','remark',28),(169,'/blog/public/user_signup.php','gender',4),(170,'/blog/public/user_signup.php','submit',7),(171,'/blog/public/user_signup.php','username',4),(172,'/blog/public/user_signup.php','password',8),(173,'/blog/public/user_signup.php','major',12),(174,'/blog/public/user_signup.php','annual_salary',7),(175,'/blog/public/user_signup.php','remark',29),(176,'/blog/public/user_signup.php','gender',4),(177,'/blog/public/user_signup.php','submit',7),(178,'/blog/public/user_signup.php','username',10),(179,'/blog/public/user_signup.php','password',14),(180,'/blog/public/user_signup.php','major',9),(181,'/blog/public/user_signup.php','annual_salary',4),(182,'/blog/public/user_signup.php','remark',27),(183,'/blog/public/user_signup.php','gender',4),(184,'/blog/public/user_signup.php','submit',7),(185,'/blog/public/user_signup.php','username',12),(186,'/blog/public/user_signup.php','password',7),(187,'/blog/public/user_signup.php','major',11),(188,'/blog/public/user_signup.php','annual_salary',7),(189,'/blog/public/user_signup.php','remark',21),(190,'/blog/public/user_signup.php','gender',4),(191,'/blog/public/user_signup.php','submit',7),(192,'/blog/public/user_signup.php','username',2),(193,'/blog/public/user_signup.php','password',9),(194,'/blog/public/user_signup.php','major',7),(195,'/blog/public/user_signup.php','annual_salary',5),(196,'/blog/public/user_signup.php','remark',25),(197,'/blog/public/user_signup.php','gender',4),(198,'/blog/public/user_signup.php','submit',7),(199,'/blog/public/user_signup.php','username',12),(200,'/blog/public/user_signup.php','password',8),(201,'/blog/public/user_signup.php','major',10),(202,'/blog/public/user_signup.php','annual_salary',5),(203,'/blog/public/user_signup.php','remark',29),(204,'/blog/public/user_signup.php','gender',4),(205,'/blog/public/user_signup.php','submit',7),(206,'/blog/public/user_signup.php','username',7),(207,'/blog/public/user_signup.php','password',10),(208,'/blog/public/user_signup.php','major',6),(209,'/blog/public/user_signup.php','annual_salary',7),(210,'/blog/public/user_signup.php','remark',25),(211,'/blog/public/user_signup.php','gender',4),(212,'/blog/public/user_signup.php','submit',7),(213,'/blog/public/user_signup.php','username',7),(214,'/blog/public/user_signup.php','password',7),(215,'/blog/public/user_signup.php','major',5),(216,'/blog/public/user_signup.php','annual_salary',7),(217,'/blog/public/user_signup.php','remark',16),(218,'/blog/public/user_signup.php','gender',4),(219,'/blog/public/user_signup.php','submit',7),(220,'/blog/public/user_signup.php','username',10),(221,'/blog/public/user_signup.php','password',8),(222,'/blog/public/user_signup.php','major',7),(223,'/blog/public/user_signup.php','annual_salary',4),(224,'/blog/public/user_signup.php','remark',25),(225,'/blog/public/user_signup.php','gender',4),(226,'/blog/public/user_signup.php','submit',7),(227,'/blog/public/user_signup.php','username',8),(228,'/blog/public/user_signup.php','password',7),(229,'/blog/public/user_signup.php','major',14),(230,'/blog/public/user_signup.php','annual_salary',6),(231,'/blog/public/user_signup.php','remark',6),(232,'/blog/public/user_signup.php','gender',4),(233,'/blog/public/user_signup.php','submit',7),(234,'/blog/public/user_signup.php','username',10),(235,'/blog/public/user_signup.php','password',6),(236,'/blog/public/user_signup.php','major',11),(237,'/blog/public/user_signup.php','annual_salary',4),(238,'/blog/public/user_signup.php','remark',24),(239,'/blog/public/user_signup.php','gender',4),(240,'/blog/public/user_signup.php','submit',7),(241,'/blog/public/user_signup.php','username',8),(242,'/blog/public/user_signup.php','password',7),(243,'/blog/public/user_signup.php','major',11),(244,'/blog/public/user_signup.php','annual_salary',8),(245,'/blog/public/user_signup.php','remark',19),(246,'/blog/public/user_signup.php','gender',4),(247,'/blog/public/user_signup.php','submit',7),(248,'/blog/public/user_signup.php','username',9),(249,'/blog/public/user_signup.php','password',7),(250,'/blog/public/user_signup.php','major',8),(251,'/blog/public/user_signup.php','annual_salary',4),(252,'/blog/public/user_signup.php','remark',21),(253,'/blog/public/user_signup.php','gender',4),(254,'/blog/public/user_signup.php','submit',7),(255,'/blog/public/user_signup.php','username',10),(256,'/blog/public/user_signup.php','password',8),(257,'/blog/public/user_signup.php','major',16),(258,'/blog/public/user_signup.php','annual_salary',3),(259,'/blog/public/user_signup.php','remark',30),(260,'/blog/public/user_signup.php','gender',4),(261,'/blog/public/user_signup.php','submit',7),(262,'/blog/public/user_signup.php','username',10),(263,'/blog/public/user_signup.php','password',7),(264,'/blog/public/user_signup.php','major',6),(265,'/blog/public/user_signup.php','annual_salary',3),(266,'/blog/public/user_signup.php','remark',24),(267,'/blog/public/user_signup.php','gender',4),(268,'/blog/public/user_signup.php','submit',7),(269,'/blog/public/user_signup.php','username',10),(270,'/blog/public/user_signup.php','password',7),(271,'/blog/public/user_signup.php','major',5),(272,'/blog/public/user_signup.php','annual_salary',2),(273,'/blog/public/user_signup.php','remark',32),(274,'/blog/public/user_signup.php','gender',4),(275,'/blog/public/user_signup.php','submit',7),(276,'/blog/public/user_signup.php','username',8),(277,'/blog/public/user_signup.php','password',13),(278,'/blog/public/user_signup.php','major',13),(279,'/blog/public/user_signup.php','annual_salary',8),(280,'/blog/public/user_signup.php','remark',15),(281,'/blog/public/user_signup.php','gender',4),(282,'/blog/public/user_signup.php','submit',7),(283,'/blog/public/user_signup.php','username',5),(284,'/blog/public/user_signup.php','password',9),(285,'/blog/public/user_signup.php','major',13),(286,'/blog/public/user_signup.php','annual_salary',7),(287,'/blog/public/user_signup.php','remark',21),(288,'/blog/public/user_signup.php','gender',4),(289,'/blog/public/user_signup.php','submit',7),(290,'/blog/public/user_signup.php','username',7),(291,'/blog/public/user_signup.php','password',10),(292,'/blog/public/user_signup.php','major',10),(293,'/blog/public/user_signup.php','annual_salary',6),(294,'/blog/public/user_signup.php','remark',24),(295,'/blog/public/user_signup.php','gender',4),(296,'/blog/public/user_signup.php','submit',7),(297,'/blog/public/user_signup.php','username',7),(298,'/blog/public/user_signup.php','password',7),(299,'/blog/public/user_signup.php','major',2),(300,'/blog/public/user_signup.php','annual_salary',5),(301,'/blog/public/user_signup.php','remark',25),(302,'/blog/public/user_signup.php','gender',4),(303,'/blog/public/user_signup.php','submit',7),(304,'/blog/public/user_signup.php','username',9),(305,'/blog/public/user_signup.php','password',9),(306,'/blog/public/user_signup.php','major',12),(307,'/blog/public/user_signup.php','annual_salary',9),(308,'/blog/public/user_signup.php','remark',17),(309,'/blog/public/user_signup.php','gender',4),(310,'/blog/public/user_signup.php','submit',7),(311,'/blog/public/user_signup.php','username',6),(312,'/blog/public/user_signup.php','password',4),(313,'/blog/public/user_signup.php','major',14),(314,'/blog/public/user_signup.php','annual_salary',12),(315,'/blog/public/user_signup.php','remark',16),(316,'/blog/public/user_signup.php','gender',4),(317,'/blog/public/user_signup.php','submit',7),(318,'/blog/public/user_signup.php','username',6),(319,'/blog/public/user_signup.php','password',7),(320,'/blog/public/user_signup.php','major',14),(321,'/blog/public/user_signup.php','annual_salary',11),(322,'/blog/public/user_signup.php','remark',14),(323,'/blog/public/user_signup.php','gender',4),(324,'/blog/public/user_signup.php','submit',7),(325,'/blog/public/user_signup.php','username',6),(326,'/blog/public/user_signup.php','password',10),(327,'/blog/public/user_signup.php','major',6),(328,'/blog/public/user_signup.php','annual_salary',7),(329,'/blog/public/user_signup.php','remark',15),(330,'/blog/public/user_signup.php','gender',4),(331,'/blog/public/user_signup.php','submit',7),(332,'/blog/public/user_signup.php','username',8),(333,'/blog/public/user_signup.php','password',10),(334,'/blog/public/user_signup.php','major',14),(335,'/blog/public/user_signup.php','annual_salary',9),(336,'/blog/public/user_signup.php','remark',20),(337,'/blog/public/user_signup.php','gender',4),(338,'/blog/public/user_signup.php','submit',7),(339,'/blog/public/user_signup.php','username',5),(340,'/blog/public/user_signup.php','password',7),(341,'/blog/public/user_signup.php','major',9),(342,'/blog/public/user_signup.php','annual_salary',4),(343,'/blog/public/user_signup.php','remark',23),(344,'/blog/public/user_signup.php','gender',4),(345,'/blog/public/user_signup.php','submit',7),(346,'/blog/public/user_signup.php','username',10),(347,'/blog/public/user_signup.php','password',8),(348,'/blog/public/user_signup.php','major',6),(349,'/blog/public/user_signup.php','annual_salary',7),(350,'/blog/public/user_signup.php','remark',15),(351,'/blog/public/user_signup.php','gender',4),(352,'/blog/public/user_signup.php','submit',7),(353,'/blog/public/user_signup.php','username',10),(354,'/blog/public/user_signup.php','password',10),(355,'/blog/public/user_signup.php','major',10),(356,'/blog/public/user_signup.php','annual_salary',3),(357,'/blog/public/user_signup.php','remark',13),(358,'/blog/public/user_signup.php','gender',4),(359,'/blog/public/user_signup.php','submit',7),(360,'/blog/public/user_signup.php','username',3),(361,'/blog/public/user_signup.php','password',10),(362,'/blog/public/user_signup.php','major',14),(363,'/blog/public/user_signup.php','annual_salary',9),(364,'/blog/public/user_signup.php','remark',15),(365,'/blog/public/user_signup.php','gender',4),(366,'/blog/public/user_signup.php','submit',7),(367,'/blog/public/user_signup.php','username',9),(368,'/blog/public/user_signup.php','password',8),(369,'/blog/public/user_signup.php','major',7),(370,'/blog/public/user_signup.php','annual_salary',7),(371,'/blog/public/user_signup.php','remark',13),(372,'/blog/public/user_signup.php','gender',4),(373,'/blog/public/user_signup.php','submit',7),(374,'/blog/public/user_signup.php','username',7),(375,'/blog/public/user_signup.php','password',9),(376,'/blog/public/user_signup.php','major',6),(377,'/blog/public/user_signup.php','annual_salary',4),(378,'/blog/public/user_signup.php','remark',25),(379,'/blog/public/user_signup.php','gender',4),(380,'/blog/public/user_signup.php','submit',7),(381,'/blog/public/user_signup.php','username',6),(382,'/blog/public/user_signup.php','password',2),(383,'/blog/public/user_signup.php','major',14),(384,'/blog/public/user_signup.php','annual_salary',6),(385,'/blog/public/user_signup.php','remark',22),(386,'/blog/public/user_signup.php','gender',4),(387,'/blog/public/user_signup.php','submit',7),(388,'/blog/public/user_signup.php','username',7),(389,'/blog/public/user_signup.php','password',9),(390,'/blog/public/user_signup.php','major',17),(391,'/blog/public/user_signup.php','annual_salary',9),(392,'/blog/public/user_signup.php','remark',32),(393,'/blog/public/user_signup.php','gender',4),(394,'/blog/public/user_signup.php','submit',7),(395,'/blog/public/user_signup.php','username',9),(396,'/blog/public/user_signup.php','password',6),(397,'/blog/public/user_signup.php','major',8),(398,'/blog/public/user_signup.php','annual_salary',8),(399,'/blog/public/user_signup.php','remark',20),(400,'/blog/public/user_signup.php','gender',4),(401,'/blog/public/user_signup.php','submit',7),(402,'/blog/public/user_signup.php','username',5),(403,'/blog/public/user_signup.php','password',9),(404,'/blog/public/user_signup.php','major',3),(405,'/blog/public/user_signup.php','annual_salary',7),(406,'/blog/public/user_signup.php','remark',20),(407,'/blog/public/user_signup.php','gender',4),(408,'/blog/public/user_signup.php','submit',7),(409,'/blog/public/user_signup.php','username',9),(410,'/blog/public/user_signup.php','password',7),(411,'/blog/public/user_signup.php','major',9),(412,'/blog/public/user_signup.php','annual_salary',7),(413,'/blog/public/user_signup.php','remark',28),(414,'/blog/public/user_signup.php','gender',4),(415,'/blog/public/user_signup.php','submit',7),(416,'/blog/public/user_signup.php','username',10),(417,'/blog/public/user_signup.php','password',7),(418,'/blog/public/user_signup.php','major',14),(419,'/blog/public/user_signup.php','annual_salary',7),(420,'/blog/public/user_signup.php','remark',15),(421,'/blog/public/user_signup.php','gender',4),(422,'/blog/public/user_signup.php','submit',7),(423,'/blog/public/user_signup.php','username',4),(424,'/blog/public/user_signup.php','password',6),(425,'/blog/public/user_signup.php','major',5),(426,'/blog/public/user_signup.php','annual_salary',8),(427,'/blog/public/user_signup.php','remark',19),(428,'/blog/public/user_signup.php','gender',4),(429,'/blog/public/user_signup.php','submit',7),(430,'/blog/public/user_signup.php','username',13),(431,'/blog/public/user_signup.php','password',7),(432,'/blog/public/user_signup.php','major',11),(433,'/blog/public/user_signup.php','annual_salary',5),(434,'/blog/public/user_signup.php','remark',17),(435,'/blog/public/user_signup.php','gender',4),(436,'/blog/public/user_signup.php','submit',7),(437,'/blog/public/user_signup.php','username',7),(438,'/blog/public/user_signup.php','password',8),(439,'/blog/public/user_signup.php','major',8),(440,'/blog/public/user_signup.php','annual_salary',7),(441,'/blog/public/user_signup.php','remark',14),(442,'/blog/public/user_signup.php','gender',4),(443,'/blog/public/user_signup.php','submit',7),(444,'/blog/public/user_signup.php','username',11),(445,'/blog/public/user_signup.php','password',6),(446,'/blog/public/user_signup.php','major',10),(447,'/blog/public/user_signup.php','annual_salary',8),(448,'/blog/public/user_signup.php','remark',15),(449,'/blog/public/user_signup.php','gender',4),(450,'/blog/public/user_signup.php','submit',7),(451,'/blog/public/user_signup.php','username',6),(452,'/blog/public/user_signup.php','password',8),(453,'/blog/public/user_signup.php','major',11),(454,'/blog/public/user_signup.php','annual_salary',6),(455,'/blog/public/user_signup.php','remark',25),(456,'/blog/public/user_signup.php','gender',4),(457,'/blog/public/user_signup.php','submit',7),(458,'/blog/public/user_signup.php','username',11),(459,'/blog/public/user_signup.php','password',7),(460,'/blog/public/user_signup.php','major',10),(461,'/blog/public/user_signup.php','annual_salary',6),(462,'/blog/public/user_signup.php','remark',18),(463,'/blog/public/user_signup.php','gender',4),(464,'/blog/public/user_signup.php','submit',7),(465,'/blog/public/user_signup.php','username',9),(466,'/blog/public/user_signup.php','password',6),(467,'/blog/public/user_signup.php','major',10),(468,'/blog/public/user_signup.php','annual_salary',9),(469,'/blog/public/user_signup.php','remark',20),(470,'/blog/public/user_signup.php','gender',4),(471,'/blog/public/user_signup.php','submit',7),(472,'/blog/public/user_signup.php','username',11),(473,'/blog/public/user_signup.php','password',4),(474,'/blog/public/user_signup.php','major',10),(475,'/blog/public/user_signup.php','annual_salary',6),(476,'/blog/public/user_signup.php','remark',21),(477,'/blog/public/user_signup.php','gender',4),(478,'/blog/public/user_signup.php','submit',7),(479,'/blog/public/user_signup.php','username',4),(480,'/blog/public/user_signup.php','password',5),(481,'/blog/public/user_signup.php','major',8),(482,'/blog/public/user_signup.php','annual_salary',9),(483,'/blog/public/user_signup.php','remark',26),(484,'/blog/public/user_signup.php','gender',4),(485,'/blog/public/user_signup.php','submit',7),(486,'/blog/public/user_signup.php','username',10),(487,'/blog/public/user_signup.php','password',7),(488,'/blog/public/user_signup.php','major',12),(489,'/blog/public/user_signup.php','annual_salary',9),(490,'/blog/public/user_signup.php','remark',15),(491,'/blog/public/user_signup.php','gender',4),(492,'/blog/public/user_signup.php','submit',7),(493,'/blog/public/user_signup.php','username',6),(494,'/blog/public/user_signup.php','password',5),(495,'/blog/public/user_signup.php','major',5),(496,'/blog/public/user_signup.php','annual_salary',7),(497,'/blog/public/user_signup.php','remark',15),(498,'/blog/public/user_signup.php','gender',4),(499,'/blog/public/user_signup.php','submit',7),(500,'/blog/public/user_signup.php','username',9),(501,'/blog/public/user_signup.php','password',8),(502,'/blog/public/user_signup.php','major',5),(503,'/blog/public/user_signup.php','annual_salary',5),(504,'/blog/public/user_signup.php','remark',32),(505,'/blog/public/user_signup.php','gender',4),(506,'/blog/public/user_signup.php','submit',7),(507,'/blog/public/user_signup.php','username',5),(508,'/blog/public/user_signup.php','password',10),(509,'/blog/public/user_signup.php','major',16),(510,'/blog/public/user_signup.php','annual_salary',8),(511,'/blog/public/user_signup.php','remark',28),(512,'/blog/public/user_signup.php','gender',4),(513,'/blog/public/user_signup.php','submit',7),(514,'/blog/public/user_signup.php','username',8),(515,'/blog/public/user_signup.php','password',7),(516,'/blog/public/user_signup.php','major',13),(517,'/blog/public/user_signup.php','annual_salary',8),(518,'/blog/public/user_signup.php','remark',14),(519,'/blog/public/user_signup.php','gender',4),(520,'/blog/public/user_signup.php','submit',7),(521,'/blog/public/user_signup.php','username',10),(522,'/blog/public/user_signup.php','password',9),(523,'/blog/public/user_signup.php','major',6),(524,'/blog/public/user_signup.php','annual_salary',8),(525,'/blog/public/user_signup.php','remark',19),(526,'/blog/public/user_signup.php','gender',4),(527,'/blog/public/user_signup.php','submit',7),(528,'/blog/public/user_signup.php','username',6),(529,'/blog/public/user_signup.php','password',7),(530,'/blog/public/user_signup.php','major',8),(531,'/blog/public/user_signup.php','annual_salary',6),(532,'/blog/public/user_signup.php','remark',21),(533,'/blog/public/user_signup.php','gender',4),(534,'/blog/public/user_signup.php','submit',7),(535,'/blog/public/user_signup.php','username',10),(536,'/blog/public/user_signup.php','password',9),(537,'/blog/public/user_signup.php','major',14),(538,'/blog/public/user_signup.php','annual_salary',9),(539,'/blog/public/user_signup.php','remark',18),(540,'/blog/public/user_signup.php','gender',4),(541,'/blog/public/user_signup.php','submit',7),(542,'/blog/public/user_signup.php','username',2),(543,'/blog/public/user_signup.php','password',9),(544,'/blog/public/user_signup.php','major',8),(545,'/blog/public/user_signup.php','annual_salary',9),(546,'/blog/public/user_signup.php','remark',18),(547,'/blog/public/user_signup.php','gender',4),(548,'/blog/public/user_signup.php','submit',7),(549,'/blog/public/user_signup.php','username',4),(550,'/blog/public/user_signup.php','password',7),(551,'/blog/public/user_signup.php','major',13),(552,'/blog/public/user_signup.php','annual_salary',7),(553,'/blog/public/user_signup.php','remark',26),(554,'/blog/public/user_signup.php','gender',4),(555,'/blog/public/user_signup.php','submit',7),(556,'/blog/public/user_signup.php','username',6),(557,'/blog/public/user_signup.php','password',9),(558,'/blog/public/user_signup.php','major',9),(559,'/blog/public/user_signup.php','annual_salary',10),(560,'/blog/public/user_signup.php','remark',20),(561,'/blog/public/user_signup.php','gender',4),(562,'/blog/public/user_signup.php','submit',7),(563,'/blog/public/user_signup.php','username',2),(564,'/blog/public/user_signup.php','password',7),(565,'/blog/public/user_signup.php','major',13),(566,'/blog/public/user_signup.php','annual_salary',6),(567,'/blog/public/user_signup.php','remark',22),(568,'/blog/public/user_signup.php','gender',4),(569,'/blog/public/user_signup.php','submit',7),(570,'/blog/public/user_signup.php','username',10),(571,'/blog/public/user_signup.php','password',3),(572,'/blog/public/user_signup.php','major',9),(573,'/blog/public/user_signup.php','annual_salary',4),(574,'/blog/public/user_signup.php','remark',15),(575,'/blog/public/user_signup.php','gender',4),(576,'/blog/public/user_signup.php','submit',7),(577,'/blog/public/user_signup.php','username',6),(578,'/blog/public/user_signup.php','password',6),(579,'/blog/public/user_signup.php','major',7),(580,'/blog/public/user_signup.php','annual_salary',6),(581,'/blog/public/user_signup.php','remark',17),(582,'/blog/public/user_signup.php','gender',4),(583,'/blog/public/user_signup.php','submit',7),(584,'/blog/public/user_signup.php','username',7),(585,'/blog/public/user_signup.php','password',6),(586,'/blog/public/user_signup.php','major',11),(587,'/blog/public/user_signup.php','annual_salary',5),(588,'/blog/public/user_signup.php','remark',17),(589,'/blog/public/user_signup.php','gender',4),(590,'/blog/public/user_signup.php','submit',7),(591,'/blog/public/user_signup.php','username',9),(592,'/blog/public/user_signup.php','password',9),(593,'/blog/public/user_signup.php','major',10),(594,'/blog/public/user_signup.php','annual_salary',7),(595,'/blog/public/user_signup.php','remark',16),(596,'/blog/public/user_signup.php','gender',4),(597,'/blog/public/user_signup.php','submit',7),(598,'/blog/public/user_signup.php','username',5),(599,'/blog/public/user_signup.php','password',3),(600,'/blog/public/user_signup.php','major',13),(601,'/blog/public/user_signup.php','annual_salary',6),(602,'/blog/public/user_signup.php','remark',19),(603,'/blog/public/user_signup.php','gender',4),(604,'/blog/public/user_signup.php','submit',7),(605,'/blog/public/user_signup.php','username',9),(606,'/blog/public/user_signup.php','password',4),(607,'/blog/public/user_signup.php','major',14),(608,'/blog/public/user_signup.php','annual_salary',4),(609,'/blog/public/user_signup.php','remark',23),(610,'/blog/public/user_signup.php','gender',4),(611,'/blog/public/user_signup.php','submit',7),(612,'/blog/public/user_signup.php','username',11),(613,'/blog/public/user_signup.php','password',8),(614,'/blog/public/user_signup.php','major',9),(615,'/blog/public/user_signup.php','annual_salary',7),(616,'/blog/public/user_signup.php','remark',19),(617,'/blog/public/user_signup.php','gender',4),(618,'/blog/public/user_signup.php','submit',7),(619,'/blog/public/user_signup.php','username',5),(620,'/blog/public/user_signup.php','password',11),(621,'/blog/public/user_signup.php','major',9),(622,'/blog/public/user_signup.php','annual_salary',7),(623,'/blog/public/user_signup.php','remark',19),(624,'/blog/public/user_signup.php','gender',4),(625,'/blog/public/user_signup.php','submit',7),(626,'/blog/public/user_signup.php','username',5),(627,'/blog/public/user_signup.php','password',9),(628,'/blog/public/user_signup.php','major',4),(629,'/blog/public/user_signup.php','annual_salary',4),(630,'/blog/public/user_signup.php','remark',22),(631,'/blog/public/user_signup.php','gender',4),(632,'/blog/public/user_signup.php','submit',7),(633,'/blog/public/user_signup.php','username',9),(634,'/blog/public/user_signup.php','password',8),(635,'/blog/public/user_signup.php','major',6),(636,'/blog/public/user_signup.php','annual_salary',5),(637,'/blog/public/user_signup.php','remark',20),(638,'/blog/public/user_signup.php','gender',4),(639,'/blog/public/user_signup.php','submit',7),(640,'/blog/public/user_signup.php','username',7),(641,'/blog/public/user_signup.php','password',7),(642,'/blog/public/user_signup.php','major',8),(643,'/blog/public/user_signup.php','annual_salary',6),(644,'/blog/public/user_signup.php','remark',17),(645,'/blog/public/user_signup.php','gender',4),(646,'/blog/public/user_signup.php','submit',7),(647,'/blog/public/user_signup.php','username',8),(648,'/blog/public/user_signup.php','password',10),(649,'/blog/public/user_signup.php','major',9),(650,'/blog/public/user_signup.php','annual_salary',2),(651,'/blog/public/user_signup.php','remark',23),(652,'/blog/public/user_signup.php','gender',4),(653,'/blog/public/user_signup.php','submit',7),(654,'/blog/public/user_signup.php','username',10),(655,'/blog/public/user_signup.php','password',7),(656,'/blog/public/user_signup.php','major',7),(657,'/blog/public/user_signup.php','annual_salary',3),(658,'/blog/public/user_signup.php','remark',13),(659,'/blog/public/user_signup.php','gender',4),(660,'/blog/public/user_signup.php','submit',7),(661,'/blog/public/user_signup.php','username',7),(662,'/blog/public/user_signup.php','password',7),(663,'/blog/public/user_signup.php','major',11),(664,'/blog/public/user_signup.php','annual_salary',7),(665,'/blog/public/user_signup.php','remark',20),(666,'/blog/public/user_signup.php','gender',4),(667,'/blog/public/user_signup.php','submit',7),(668,'/blog/public/user_signup.php','username',6),(669,'/blog/public/user_signup.php','password',8),(670,'/blog/public/user_signup.php','major',10),(671,'/blog/public/user_signup.php','annual_salary',7),(672,'/blog/public/user_signup.php','remark',18),(673,'/blog/public/user_signup.php','gender',4),(674,'/blog/public/user_signup.php','submit',7),(675,'/blog/public/user_signup.php','username',5),(676,'/blog/public/user_signup.php','password',6),(677,'/blog/public/user_signup.php','major',9),(678,'/blog/public/user_signup.php','annual_salary',5),(679,'/blog/public/user_signup.php','remark',17),(680,'/blog/public/user_signup.php','gender',4),(681,'/blog/public/user_signup.php','submit',7),(682,'/blog/public/user_signup.php','username',4),(683,'/blog/public/user_signup.php','password',8),(684,'/blog/public/user_signup.php','major',15),(685,'/blog/public/user_signup.php','annual_salary',7),(686,'/blog/public/user_signup.php','remark',21),(687,'/blog/public/user_signup.php','gender',4),(688,'/blog/public/user_signup.php','submit',7),(689,'/blog/public/user_signup.php','username',3),(690,'/blog/public/user_signup.php','password',6),(691,'/blog/public/user_signup.php','major',8),(692,'/blog/public/user_signup.php','annual_salary',5),(693,'/blog/public/user_signup.php','remark',22),(694,'/blog/public/user_signup.php','gender',4),(695,'/blog/public/user_signup.php','submit',7),(696,'/blog/public/user_signup.php','username',12),(697,'/blog/public/user_signup.php','password',6),(698,'/blog/public/user_signup.php','major',8),(699,'/blog/public/user_signup.php','annual_salary',8),(700,'/blog/public/user_signup.php','remark',21),(701,'/blog/public/user_signup.php','gender',4),(702,'/blog/public/user_signup.php','submit',7),(703,'/blog/public/user_signup.php','username',10),(704,'/blog/public/user_signup.php','password',10),(705,'/blog/public/user_signup.php','major',14),(706,'/blog/public/user_signup.php','annual_salary',8),(707,'/blog/public/user_signup.php','remark',23),(708,'/blog/public/user_signup.php','gender',4),(709,'/blog/public/user_signup.php','submit',7),(710,'/blog/public/user_signup.php','username',6),(711,'/blog/public/user_signup.php','password',9),(712,'/blog/public/user_signup.php','major',7),(713,'/blog/public/user_signup.php','annual_salary',7),(714,'/blog/public/user_signup.php','remark',7),(715,'/blog/public/user_signup.php','gender',4),(716,'/blog/public/user_signup.php','submit',7),(717,'/modeChange','username',5),(718,'/modeChange','password',3),(719,'/modeChange','mode',5),(720,'/modeChange','submit',6),(721,'/blog/public/user_signin.php','username',8),(722,'/blog/public/user_signin.php','password',3),(723,'/blog/public/user_signin.php','submit',7),(724,'/blog/public/user_main.php','user_id',2),(725,'/modeChange','username',5),(726,'/modeChange','password',3),(727,'/modeChange','mode',5),(728,'/modeChange','submit',6),(729,'/blog/public/show_user.php','id',1),(730,'/blog/public/show_user.php','id',2),(731,'/blog/public/edit_user.php','id',2),(732,'/blog/public/edit_user.php','id',2),(733,'/blog/public/edit_user.php','username',8),(734,'/blog/public/edit_user.php','password',8),(735,'/blog/public/edit_user.php','gender',6),(736,'/blog/public/edit_user.php','major',2),(737,'/blog/public/edit_user.php','annual_salary',6),(738,'/blog/public/edit_user.php','remark',37),(739,'/blog/public/edit_user.php','submit',9),(740,'/blog/public/edit_user.php','id',2),(741,'/blog/public/delete_user.php','id',2),(742,'/blog/public/edit_user.php','id',2),(743,'/blog/public/create_user.php','username',6),(744,'/blog/public/create_user.php','password',8),(745,'/blog/public/create_user.php','gender',4),(746,'/blog/public/create_user.php','major',8),(747,'/blog/public/create_user.php','annual_salary',5),(748,'/blog/public/create_user.php','remark',9),(749,'/blog/public/create_user.php','submit',6),(750,'/blog/public/user_signin.php','username',7),(751,'/blog/public/user_signin.php','password',3),(752,'/blog/public/user_signin.php','submit',7),(753,'/blog/public/user_main.php','user_id',2),(754,'/blog/public/user_signin.php','username',7),(755,'/blog/public/user_signin.php','password',3),(756,'/blog/public/user_signin.php','submit',7),(757,'/blog/public/user_main.php','user_id',2),(758,'/blog/public/user_view_blog.php','user_id',2),(759,'/blog/public/user_view_blog.php','blog_id',2),(760,'/blog/public/user_view_blog.php','user_id',2),(761,'/blog/public/user_view_blog.php','blog_id',2),(762,'/blog/public/user_view_blog.php','user_id',2),(763,'/blog/public/user_view_blog.php','blog_id',2),(764,'/blog/public/user_main.php','id',2),(765,'/blog/public/user_create_blog.php','id',2),(766,'/blog/public/user_create_blog.php','title',7),(767,'/blog/public/user_create_blog.php','content',15),(768,'/blog/public/user_create_blog.php','submit',6),(769,'/blog/public/user_main.php','id',2),(770,'/blog/public/user_view_blog.php','user_id',2),(771,'/blog/public/user_view_blog.php','blog_id',2),(772,'/blog/public/user_edit_blog.php','user_id',2),(773,'/blog/public/user_edit_blog.php','blog_id',2),(774,'/blog/public/user_edit_blog.php','title',7),(775,'/blog/public/user_edit_blog.php','content',18),(776,'/blog/public/user_edit_blog.php','submit',6),(777,'/blog/public/user_view_blog.php','user_id',2),(778,'/blog/public/user_view_blog.php','blog_id',2),(779,'/blog/public/user_delete_blog.php','user_id',2),(780,'/blog/public/user_delete_blog.php','blog_id',2),(781,'/blog/public/user_main.php','id',2),(782,'/blog/public/delete_user.php','id',2),(783,'/blog/public/edit_user.php','id',2),(784,'/blog/public/edit_user.php','username',7),(785,'/blog/public/edit_user.php','password',11),(786,'/blog/public/edit_user.php','gender',4),(787,'/blog/public/edit_user.php','major',2),(788,'/blog/public/edit_user.php','annual_salary',6),(789,'/blog/public/edit_user.php','remark',10),(790,'/blog/public/edit_user.php','submit',9),(791,'/blog/public/show_user.php','id',0),(792,'/blog/public/user_signin.php','username',7),(793,'/blog/public/user_signin.php','password',3),(794,'/blog/public/user_signin.php','submit',7),(795,'/blog/public/user_main.php','user_id',2),(796,'/blog/public/user_view_blog.php','user_id',2),(797,'/blog/public/user_view_blog.php','blog_id',2),(798,'/blog/public/user_main.php','id',2),(799,'/blog/public/show_user.php','id',2),(800,'/blog/public/create_blog.php','user_id',2),(801,'/blog/public/create_blog.php','title',8),(802,'/blog/public/create_blog.php','content',19),(803,'/blog/public/create_blog.php','submit',6),(804,'/blog/public/show_user.php','id',2),(805,'/blog/public/view_blog.php','user_id',2),(806,'/blog/public/view_blog.php','blog_id',2),(807,'/blog/public/edit_blog.php','user_id',2),(808,'/blog/public/edit_blog.php','blog_id',2),(809,'/blog/public/edit_blog.php','title',8),(810,'/blog/public/edit_blog.php','content',21),(811,'/blog/public/edit_blog.php','submit',6),(812,'/blog/public/view_blog.php','user_id',2),(813,'/blog/public/view_blog.php','blog_id',2),(814,'/blog/public/delete_comment.php','de',1),(815,'/blog/public/delete_comment.php','blog_id',2),(816,'/blog/public/delete_comment.php','user_id',2),(817,'/blog/public/view_blog.php','user_id',2),(818,'/blog/public/view_blog.php','blog_id',2),(819,'/blog/public/delete_blog.php','user_id',2),(820,'/blog/public/delete_blog.php','blog_id',2),(821,'/blog/public/show_user.php','id',2),(822,'/blog/public/edit_user.php','id',2),(823,'/blog/public/show_user.php','id',2),(824,'/blog/public/edit_user.php','id',2),(825,'/blog/public/show_user.php','id',2),(826,'/blog/public/delete_blog.php','de',1),(827,'/blog/public/delete_blog.php','user_id',3),(828,'/modeChange','username',5),(829,'/modeChange','password',3),(830,'/modeChange','mode',5),(831,'/modeChange','submit',6),(832,'/blog/public/user_signin.php','username',4),(833,'/blog/public/user_signin.php','password',3),(834,'/blog/public/user_signin.php','submit',7),(835,'/blog/public/user_main.php','user_id',2),(836,'/blog/public/user_signin.php','username',8),(837,'/blog/public/user_signin.php','password',3),(838,'/blog/public/user_signin.php','submit',7),(839,'/blog/public/user_main.php','user_id',1),(840,'/blog/public/user_signin.php','username',4),(841,'/blog/public/user_signin.php','password',8),(842,'/blog/public/user_signin.php','submit',7),(843,'/blog/public/user_main.php','user_id',2);
/*!40000 ALTER TABLE `Records` ENABLE KEYS */;
UNLOCK TABLES;
/*!40103 SET TIME_ZONE=@OLD_TIME_ZONE */;

/*!40101 SET SQL_MODE=@OLD_SQL_MODE */;
/*!40014 SET FOREIGN_KEY_CHECKS=@OLD_FOREIGN_KEY_CHECKS */;
/*!40014 SET UNIQUE_CHECKS=@OLD_UNIQUE_CHECKS */;
/*!40101 SET CHARACTER_SET_CLIENT=@OLD_CHARACTER_SET_CLIENT */;
/*!40101 SET CHARACTER_SET_RESULTS=@OLD_CHARACTER_SET_RESULTS */;
/*!40101 SET COLLATION_CONNECTION=@OLD_COLLATION_CONNECTION */;
/*!40111 SET SQL_NOTES=@OLD_SQL_NOTES */;

-- Dump completed on 2015-04-26 22:18:34
